{"cameraMode":{"drawMode":0,"name":"Shaded","section":"Shading Mode"},"sceneLighting":true,"audioPlay":false,"sceneViewState":{"showFog":false,"showMaterialUpdate":false,"showSkybox":false,"showFlares":false,"showImageEffects":false,"showParticleSystems":true},"in2DMode":false,"pivot":{"x":-0.0014214515686035157,"y":0.9423258304595947,"z":0.5168327689170837},"rotation":{"x":-0.37448033690452578,"y":-0.2562549114227295,"z":0.10849450528621674,"w":-0.8844924569129944},"size":1.6430027484893799,"orthographic":false}